Iteration,Elapsed Time,Discriminator Loss,Value Loss,Policy Loss,Edit Distance,Best Edit Distance
2,204.34516859054565,1.4365472793579102,2812.6329498291016,-2.2304125418886542,0.9997510495367542,0.9997510495367542
4,385.58355021476746,1.3568003177642822,2544.6309747695923,-1.6213955953717232,0.9998742474001094,0.9997510495367542
6,489.5072236061096,1.3216736316680908,1744.9735598564148,-1.2987095098942518,1.0,0.9997510495367542
8,583.0576174259186,1.323299765586853,1362.9691009521484,-1.3040913315489888,1.0,0.9997510495367542
10,676.4759466648102,1.3019044399261475,570.1448518037796,-1.077682150527835,1.0,0.9997510495367542
12,769.7650985717773,1.303383708000183,239.33028563857079,-1.7307972386479378,0.999875,0.9997510495367542
14,861.7316102981567,1.3300858736038208,154.00094839930534,-1.7120358189567924,1.0,0.9997510495367542
16,953.4905648231506,1.3733323812484741,858.2327020168304,-1.226224707905203,1.0,0.9997510495367542
18,1047.1499588489532,1.3494501113891602,241.7501036822796,-1.104469122365117,1.0,0.9997510495367542
20,1140.2069609165192,1.3561179637908936,187.89907112717628,-1.5025901775807142,0.9995414546596672,0.9995414546596672
22,1233.071004152298,1.3337661027908325,71.04283148050308,-1.6958595616742969,1.0,0.9995414546596672
24,1325.782056570053,1.3497586250305176,98.63290487229824,-1.880379969254136,0.9998846153846154,0.9995414546596672
26,1417.639056444168,1.3564369678497314,250.13054060935974,-1.801127040758729,0.9991389677215903,0.9991389677215903
28,1510.0161736011505,1.3691855669021606,173.56094354391098,-1.290585340000689,0.9996054466230937,0.9991389677215903
30,1602.5479309558868,1.3466501235961914,85.96616061031818,-1.5780446333810687,0.9996850936760723,0.9991389677215903
32,1695.1291813850403,1.3436236381530762,119.81164652109146,-1.5870504938066006,0.9988212837917986,0.9988212837917986
34,1787.0798256397247,1.3261353969573975,49.80187213420868,-1.5102975871413946,0.9988041650071061,0.9988041650071061
36,1877.514779806137,1.3296817541122437,54.02348643541336,-1.8130333684384823,0.9973521886689548,0.9973521886689548
38,1969.2631151676178,1.3614641427993774,155.05499076843262,-2.4209868889302015,0.997293994550023,0.997293994550023
40,2060.2446122169495,1.357509970664978,65.61926791071892,-2.0602242313325405,0.9971196618142198,0.9971196618142198
42,2150.4215908050537,1.3653461933135986,62.71612049639225,-1.2238427782431245,0.9989152672635707,0.9971196618142198
44,2242.3410136699677,1.3542028665542603,82.88538540899754,-1.5671149753034115,0.9987253270208721,0.9971196618142198
46,2333.1122941970825,1.3712114095687866,131.95656538009644,-1.996505600400269,0.9951359001472728,0.9951359001472728
48,2424.707533597946,1.34305739402771,95.0437119603157,-2.2325376523658633,0.9972772186064858,0.9951359001472728
50,2515.859956741333,1.3266980648040771,60.597099378705025,-2.4741686014458537,0.9985190089009659,0.9951359001472728
52,2607.175862312317,1.3409264087677002,78.35916662216187,-2.155012863688171,0.9982376637280898,0.9951359001472728
54,2698.9932000637054,1.3644356727600098,56.56348390877247,-2.370972001925111,0.9979408522221149,0.9951359001472728
56,2790.2339339256287,1.3555896282196045,50.67589373886585,-2.10278391931206,0.9996143565472166,0.9951359001472728
58,2883.336334705353,1.37663996219635,62.0512113571167,-2.364387672394514,0.9994753267973856,0.9951359001472728
60,2975.2624888420105,1.3802016973495483,48.68856203556061,-2.334981771185994,0.9994244222689076,0.9951359001472728
62,3066.6309843063354,1.372511386871338,52.584327414631844,-2.4064916307106614,0.9972584774884574,0.9951359001472728
64,3158.733040332794,1.3865346908569336,55.65128496289253,-2.1596720069646835,0.9962105555924223,0.9951359001472728
66,3249.0726339817047,1.3746838569641113,68.62582750618458,-2.348152168095112,0.9889630525543537,0.9889630525543537
68,3338.893335342407,1.3823297023773193,60.04844790697098,-2.310446553863585,0.9943587294905917,0.9889630525543537
70,3431.245348930359,1.3655908107757568,50.254468351602554,-1.979086209088564,0.9951324044630477,0.9889630525543537
72,3521.2492442131042,1.3701059818267822,49.53276588022709,-2.75124975387007,0.9952956276997126,0.9889630525543537
74,3611.5573914051056,1.375335454940796,46.48070211708546,-2.121952031739056,0.9967081128166165,0.9889630525543537
76,3703.1469900608063,1.3745613098144531,59.473852172493935,-2.4523327443748713,0.9992122484081731,0.9889630525543537
78,3794.9515647888184,1.3797595500946045,50.037762984633446,-2.317167192697525,0.9958453877692578,0.9889630525543537
80,3886.7604763507843,1.348999261856079,48.65031456947327,-2.49878266453743,0.9937812342096178,0.9889630525543537
82,3977.086838722229,1.364929437637329,48.66071617603302,-2.7394889863207936,0.9944493846428017,0.9889630525543537
84,4068.14177775383,1.3698146343231201,45.22243228554726,-2.364427264779806,0.9979712253043367,0.9889630525543537
86,4159.98042678833,1.3541797399520874,49.367490977048874,-2.300026308745146,0.9835187759548908,0.9835187759548908
88,4248.593544721603,1.3592054843902588,54.970592960715294,-2.359940025024116,0.9863214768620517,0.9835187759548908
90,4337.770213603973,1.3760606050491333,59.67682981491089,-2.5220670448616147,0.9919775417726527,0.9835187759548908
92,4428.7426924705505,1.3773220777511597,59.74058908224106,-2.1959835262969136,0.9962940522440522,0.9835187759548908
94,4520.575592279434,1.3609464168548584,46.8676201403141,-2.597231660038233,0.9845172214642883,0.9835187759548908
96,4611.221820116043,1.3750379085540771,44.73129764199257,-2.9651540983468294,0.9694279632889808,0.9694279632889808
98,4696.028702259064,1.3727748394012451,52.946604654192924,-3.306990072131157,0.9818968370048694,0.9694279632889808
100,4784.603709697723,1.387620210647583,118.42885738611221,-2.599174803122878,0.9966720652833283,0.9694279632889808
102,4877.187052965164,1.3739087581634521,51.95286816358566,-2.306609582155943,0.996819993894994,0.9694279632889808
104,4968.583189487457,1.3513365983963013,71.6771579310298,-2.165105314925313,0.9859528268188515,0.9694279632889808
106,5058.356871128082,1.3724217414855957,60.82957647740841,-3.4271355737000704,0.9737607101197862,0.9694279632889808
108,5143.152099132538,1.3804758787155151,46.397470101714134,-2.7901877546682954,0.9788735553876595,0.9694279632889808
110,5230.386406183243,1.3952646255493164,154.7034575343132,-2.8435120657086372,0.9927081376844661,0.9694279632889808
112,5321.855197668076,1.3839797973632812,66.84918251633644,-2.3086481653153896,0.9967521601205813,0.9694279632889808
114,5413.8394095897675,1.350113868713379,73.84003260731697,-3.138114968314767,0.9811627173519519,0.9694279632889808
116,5501.902389287949,1.3642570972442627,111.46016040444374,-3.3371947836130857,0.9651803673384336,0.9651803673384336
118,5586.888855457306,1.3464466333389282,51.11549845337868,-2.3237584540620446,0.9380941947233516,0.9380941947233516
120,5672.01526093483,1.3690564632415771,77.08108270168304,-3.309851174708456,0.9776703337715704,0.9380941947233516
122,5760.701313734055,1.3832643032073975,137.99866113066673,-2.670315146446228,0.9969470783425867,0.9380941947233516
124,5852.232926130295,1.3631335496902466,57.54333010315895,-3.095531209371984,0.9951020321076773,0.9380941947233516
126,5944.127395153046,1.367398738861084,96.61775755882263,-3.2103367522358894,0.9775930897408532,0.9380941947233516
128,6032.4239320755005,1.3631398677825928,72.8845508992672,-3.420394134707749,0.9632824668916774,0.9380941947233516
130,6118.584299087524,1.3657032251358032,59.60651536285877,-3.037002573721111,0.9676650046973166,0.9380941947233516
132,6205.66338300705,1.3975223302841187,155.84441530704498,-2.6238113194704056,0.9883049418593383,0.9380941947233516
134,6295.762438774109,1.3904733657836914,104.79046615958214,-1.9841440925374627,0.9943144793441804,0.9380941947233516
136,6389.140126466751,1.3897197246551514,71.14685255289078,-2.836871199309826,0.9844056117431675,0.9380941947233516
138,6480.207061767578,1.3805010318756104,136.4385660290718,-2.476008546538651,0.9668542878604481,0.9380941947233516
140,6568.205986499786,1.3797807693481445,100.00506979227066,-2.7969524059444666,0.9627554021271595,0.9380941947233516
142,6653.293083906174,1.3395367860794067,44.24544767290354,-2.8034831266850233,0.9585277120554413,0.9380941947233516
144,6738.062841176987,1.3736176490783691,97.70015209913254,-3.0616861674934626,0.9509641884306647,0.9380941947233516
146,6826.963274717331,1.401686668395996,116.98131847381592,-2.1358884051442146,0.9931693317255944,0.9380941947233516
148,6918.818284749985,1.3818819522857666,66.62214115262032,-2.7414825819432735,0.9922706243653148,0.9380941947233516
150,7009.620977401733,1.3498401641845703,79.38018503785133,-2.523199395276606,0.9771448879036332,0.9380941947233516
152,7097.694010019302,1.354821801185608,94.74200004339218,-2.307108560577035,0.9630579017091684,0.9380941947233516
154,7183.790812253952,1.3598076105117798,58.5257364064455,-3.0125826206058264,0.9539010859343924,0.9380941947233516
156,7270.462535381317,1.376104474067688,120.38171142339706,-2.7871186900883913,0.9790697327232337,0.9380941947233516
158,7361.400617599487,1.39516019821167,95.67370581626892,-1.8848118856549263,0.9930817336230519,0.9380941947233516
160,7452.372004032135,1.3577637672424316,58.108604058623314,-2.9172204565256834,0.9976819029654554,0.9380941947233516
162,7543.690569162369,1.3375391960144043,107.6713437139988,-1.295628534629941,0.9875725326286845,0.9380941947233516
164,7634.0689265728,1.3490893840789795,61.668637335300446,-3.4484017565846443,0.9649771655186425,0.9380941947233516
166,7721.586186170578,1.3713542222976685,63.412908494472504,-2.1815965343266726,0.9694829211827262,0.9380941947233516
168,7808.74830532074,1.3792476654052734,97.89019286632538,-2.153616452589631,0.9937695243109718,0.9380941947233516
170,7901.0044186115265,1.3780254125595093,97.50169417262077,-2.167942050844431,0.9943098434119347,0.9380941947233516
172,7993.038933038712,1.3598835468292236,72.21726813912392,-2.9108189530670643,0.9883190599332035,0.9380941947233516
174,8082.835111618042,1.3574912548065186,90.29955396056175,-2.512811162509024,0.9726745748650594,0.9380941947233516
176,8170.2318983078,1.3342626094818115,116.23661717772484,-2.223025454208255,0.9586355876984244,0.9380941947233516
178,8254.913014888763,1.3652832508087158,53.51079277694225,-2.6135400971397758,0.9521259954339812,0.9380941947233516
180,8342.3318400383,1.3650802373886108,91.91846147179604,-2.8487157663330436,0.9809503628435888,0.9380941947233516
182,8433.304665088654,1.355783462524414,101.27989459037781,-2.043575134128332,0.985910226053524,0.9380941947233516
184,8524.533284187317,1.3389886617660522,93.10409188270569,-2.311287702061236,0.9897848915059014,0.9380941947233516
186,8615.48354768753,1.347883939743042,88.70324632525444,-2.3987819803878665,0.9673798710782451,0.9380941947233516
188,8703.69178891182,1.3469533920288086,48.470652371644974,-2.353197591379285,0.9534496183463552,0.9380941947233516
190,8789.209846019745,1.342842698097229,72.90017181634903,-2.891569479368627,0.9676098454824679,0.9380941947233516
192,8878.663286447525,1.366631031036377,107.13419476151466,-2.675148516893387,0.987710418371252,0.9380941947233516
194,8969.367265224457,1.3357517719268799,62.298012495040894,-2.115700878202915,0.9973861584107327,0.9380941947233516
196,9060.527750730515,1.3244636058807373,141.67150336503983,-2.2034250888973475,0.9745005870048583,0.9380941947233516
198,9150.078049898148,1.3462696075439453,98.19131553173065,-2.3827486224472523,0.9382454780470314,0.9380941947233516
200,9235.72528553009,1.340167760848999,44.811962962150574,-2.5590316504240036,0.9727454048901625,0.9380941947233516
202,9324.174858808517,1.3868908882141113,135.6357404589653,-2.151852714829147,0.997939701246817,0.9380941947233516
204,9416.635228395462,1.3408393859863281,62.157410711050034,-2.665370379574597,0.9959650832397736,0.9380941947233516
206,9507.602982997894,1.3100395202636719,63.93724650144577,-2.732173697091639,0.9855413788721814,0.9380941947233516
208,9596.018953561783,1.2903014421463013,117.16263949871063,-2.33966582454741,0.9762199007227561,0.9380941947233516
210,9682.58458662033,1.3022570610046387,79.32763111591339,-2.8220360008999705,0.9613776976595162,0.9380941947233516
212,9768.102491617203,1.3238232135772705,81.56749096512794,-2.6733646411448717,0.9760068422572704,0.9380941947233516
214,9857.259105205536,1.3756307363510132,149.7583122253418,-2.6104544643312693,0.9991060755336617,0.9380941947233516
216,9949.30359506607,1.3711193799972534,67.34477908909321,-1.6715982384048402,0.9942712312687313,0.9380941947233516
218,10041.06992149353,1.3339159488677979,87.68223267793655,-2.860853686928749,0.978130870731224,0.9380941947233516
220,10130.748612642288,1.3410025835037231,141.365823417902,-2.7408907897770405,0.9620046975984701,0.9380941947233516
222,10216.30234003067,1.3538895845413208,62.538249507546425,-2.86505269119516,0.959651452595798,0.9380941947233516
224,10301.105113983154,1.3448927402496338,77.19856399297714,-3.056194190867245,0.9675699664213102,0.9380941947233516
226,10389.81044459343,1.3729987144470215,119.46159216761589,-2.477558678947389,0.9932378466824145,0.9380941947233516
228,10481.612082719803,1.34857976436615,76.98426979780197,-2.437233935110271,0.9986497096631521,0.9380941947233516
230,10573.259425640106,1.2983126640319824,79.18640887737274,-2.373852588236332,0.9829968868235556,0.9380941947233516
232,10664.141800165176,1.3401832580566406,90.857247620821,-2.737987625412643,0.966327041261547,0.9380941947233516
234,10752.232811450958,1.3349940776824951,49.68593439459801,-2.671732371672988,0.9502174523080634,0.9380941947233516
236,10837.949079990387,1.3512393236160278,73.17682671546936,-2.853610258549452,0.9579381353599403,0.9380941947233516
238,10926.513763189316,1.3649215698242188,106.44402277469635,-2.2774067912250757,0.9887138023818753,0.9380941947233516
240,11017.529380559921,1.3668272495269775,71.20531767606735,-2.1665557883679867,0.9903519474385988,0.9380941947233516
242,11108.694106578827,1.3411228656768799,85.23612394928932,-2.2384030297398567,0.977518938461936,0.9380941947233516
244,11199.563864707947,1.3495697975158691,90.92701533436775,-2.8360100695863366,0.9579514637707912,0.9380941947233516
246,11284.980568408966,1.320794939994812,83.70524083077908,-2.542899342253804,0.9596381582813586,0.9380941947233516
248,11368.677952766418,1.3449091911315918,61.64577290415764,-3.725186575204134,0.9489631152057305,0.9380941947233516
250,11457.056559324265,1.3514156341552734,103.28610098361969,-2.6683421693742275,0.9887265246547317,0.9380941947233516
252,11548.400238513947,1.3472075462341309,69.10439915303141,-2.9356465078890324,0.9993128205128206,0.9380941947233516
254,11640.3060400486,1.3328700065612793,96.89465802907944,-2.774598960764706,0.9718673583898353,0.9380941947233516
256,11728.690055131912,1.3246099948883057,87.83458310365677,-2.893035227432847,0.9564391730377995,0.9380941947233516
258,11814.609309911728,1.3272619247436523,53.112866796553135,-2.4717386830598116,0.9382657626803639,0.9380941947233516
260,11900.191163301468,1.3279080390930176,73.75533604621887,-2.5656925048679113,0.9710517513413156,0.9380941947233516
262,11989.151371240616,1.3346600532531738,89.89157915115356,-2.397629765793681,0.9982880334987592,0.9380941947233516
264,12080.705050230026,1.3363065719604492,53.94704030454159,-2.233186178840697,0.9965584647101625,0.9380941947233516
266,12173.005152463913,1.328178882598877,79.25949713587761,-2.2510103499516845,0.9851421076247059,0.9380941947233516
268,12263.750401258469,1.334038496017456,72.4029546380043,-2.6768535170704126,0.9492804780484885,0.9380941947233516
270,12351.561335325241,1.3307971954345703,37.58057078719139,-3.3797599151730537,0.9587239789482838,0.9380941947233516
272,12439.526774406433,1.3465135097503662,99.26256319880486,-2.3253319333307445,0.982203588444613,0.9380941947233516
274,12530.538035154343,1.3597371578216553,126.39262849092484,-2.121328704059124,0.9974127058029689,0.9380941947233516
276,12622.94223332405,1.3355348110198975,59.02701883018017,-2.404229376465082,0.9861757903919527,0.9380941947233516
278,12714.494191408157,1.325066089630127,96.2687378525734,-2.359194554388523,0.977153285645402,0.9380941947233516
280,12802.297755241394,1.329931378364563,100.54566052556038,-2.412781974300742,0.9686843340586535,0.9380941947233516
282,12889.469120502472,1.323908805847168,55.03792604804039,-2.956526898778975,0.9480308716722854,0.9380941947233516
284,12977.5163667202,1.3399320840835571,99.94536113739014,-2.455037385225296,0.9978249587174268,0.9380941947233516
286,13069.499965667725,1.355639934539795,73.91069875657558,-2.091102471575141,0.9988879808391948,0.9380941947233516
288,13161.318903923035,1.2990015745162964,96.26426076889038,-2.3713780138641596,0.9918274818843563,0.9380941947233516
290,13252.50111746788,1.3112845420837402,118.10117715597153,-3.2161080725491047,0.9775774274664273,0.9380941947233516
292,13340.4835460186,1.3177406787872314,74.92668606340885,-3.201921368483454,0.9585435816093907,0.9380941947233516
294,13425.17676115036,1.3317933082580566,51.36406025290489,-3.68937193416059,0.9527883393036615,0.9380941947233516
296,13511.398453474045,1.3526949882507324,111.9577676653862,-2.6562647074460983,0.9640796136465838,0.9380941947233516
298,13602.262086391449,1.3528361320495605,60.673801466822624,-2.0682461485266685,0.996841206648748,0.9380941947233516
300,13694.944487810135,1.3141568899154663,86.13591572642326,-2.6986743649467826,0.9876868204908378,0.9380941947233516
302,13784.027010202408,1.3108141422271729,214.67751038074493,-2.770867655053735,0.9493262557754683,0.9380941947233516
304,13871.042687177658,1.3313610553741455,64.92922931909561,-2.897369921207428,0.936564490477094,0.936564490477094
306,13956.815606594086,1.3393909931182861,46.40397645533085,-3.717877248302102,0.9418411829450924,0.936564490477094
308,14042.621965408325,1.3629236221313477,106.91867941617966,-2.3812589533627033,0.9815579264648622,0.936564490477094
310,14133.336557149887,1.3450658321380615,65.47075606882572,-2.3541200906038284,0.9962925720236355,0.936564490477094
312,14224.959233999252,1.325387716293335,87.47421890497208,-2.5320930033922195,0.977053491153439,0.936564490477094
314,14315.554505586624,1.3178504705429077,74.99561396241188,-2.6548012495040894,0.9582903277008099,0.936564490477094
316,14402.727989196777,1.3044602870941162,48.8701676428318,-2.2540497221052647,0.9463724300451881,0.936564490477094
318,14488.886070251465,1.3606805801391602,98.56016710400581,-3.211217349395156,0.98234884022486,0.936564490477094
320,14579.004578590393,1.352311372756958,73.0090980231762,-2.215957889566198,0.9926689567011936,0.936564490477094
322,14670.104978084564,1.3360192775726318,67.36431384086609,-2.7232433473691344,0.9782830831652691,0.936564490477094
324,14760.178532123566,1.335682988166809,78.27753040194511,-2.5018960228189826,0.9447346491954933,0.936564490477094
326,14846.333881139755,1.3196585178375244,42.041923597455025,-2.3740738704800606,0.948796887939171,0.936564490477094
328,14931.985973834991,1.325638771057129,71.82793760299683,-3.003640183247626,0.9681451462696741,0.936564490477094
330,15021.74123287201,1.372227430343628,103.96975082159042,-2.7311387611553073,0.9883562739307331,0.936564490477094
332,15113.14459991455,1.325963020324707,85.88682743906975,-3.8088877368718386,0.9965734799359084,0.936564490477094
334,15206.315685510635,1.3038113117218018,130.4832406938076,-1.634907758794725,0.9828677807104502,0.936564490477094
336,15296.560980081558,1.3077036142349243,57.32012151181698,-3.846890860237181,0.9629815929278168,0.936564490477094
338,15383.989899873734,1.3050041198730469,58.3141730427742,-2.332002889364958,0.9404228449969184,0.936564490477094
340,15472.209907531738,1.3348197937011719,92.30673491954803,-2.5105765061452985,0.9938376110899914,0.936564490477094
342,15563.403418779373,1.339601993560791,73.06347179412842,-2.3214275799691677,0.9921910894790251,0.936564490477094
344,15655.288817882538,1.3362247943878174,91.24579653143883,-2.2216940093785524,0.9807532055287544,0.936564490477094
346,15746.342262983322,1.3243293762207031,80.40253633260727,-2.9184685964137316,0.9759911496327175,0.936564490477094
348,15834.459200382233,1.3292019367218018,89.92192177474499,-2.8116215374320745,0.9434527660800461,0.936564490477094
350,15919.667548894882,1.3384034633636475,39.720274552702904,-2.8660110468044877,0.9370509307115887,0.936564490477094
352,16008.02213191986,1.3616317510604858,104.85639825463295,-2.359985677525401,0.9954649606809849,0.936564490477094
354,16099.638895273209,1.3241405487060547,56.067320585250854,-2.3832977786660194,0.983742939168027,0.936564490477094
356,16190.909027576447,1.3063472509384155,105.27919161319733,-2.4979137359187007,0.9896472989089524,0.936564490477094
358,16281.297641992569,1.3213472366333008,76.86741960048676,-2.5229439605027437,0.9554668316353869,0.936564490477094
360,16368.949709415436,1.315373420715332,65.13756428658962,-1.8149961167946458,0.956608028415404,0.936564490477094
362,16455.618900299072,1.3148951530456543,93.72230884432793,-2.59539276920259,0.9757868461993141,0.936564490477094
364,16545.460392713547,1.346240520477295,122.84487470984459,-2.555720219388604,0.9938501517760503,0.936564490477094
366,16636.340693473816,1.3003326654434204,62.71155758202076,-3.0680747646838427,0.9932322391992703,0.936564490477094
368,16728.380209445953,1.2963491678237915,134.63530278205872,-2.7313105389475822,0.970652654674558,0.936564490477094
370,16816.597135066986,1.3103282451629639,57.304652631282806,-3.157451570034027,0.9444185723223942,0.936564490477094
372,16901.88586640358,1.3337631225585938,70.25896921753883,-3.110509976744652,0.9446356980582271,0.936564490477094
374,16989.584817409515,1.3429545164108276,104.52959272265434,-1.8353987047448754,0.9702743166540021,0.936564490477094
376,17078.82214641571,1.3348734378814697,67.40490317344666,-2.358205510303378,0.9989286427568375,0.936564490477094
378,17170.34648156166,1.2900605201721191,102.50705379247665,-2.2778805401176214,0.9861250380277468,0.936564490477094
380,17262.281748771667,1.314429521560669,83.23773650825024,-1.9283527713268995,0.9679949271787821,0.936564490477094
382,17350.867216348648,1.3000006675720215,80.20028080046177,-2.7075781729072332,0.9609023449444745,0.936564490477094
384,17439.56331372261,1.3335586786270142,113.40580493211746,-2.3144551813602448,0.9846670129866645,0.936564490477094
386,17530.927531719208,1.3281042575836182,109.6306332051754,-1.9015847044065595,0.9918574779009003,0.936564490477094
388,17623.514211654663,1.2916135787963867,68.42492334544659,-2.398179638199508,0.991539267523174,0.936564490477094
390,17715.569481372833,1.3012595176696777,79.33330656588078,-2.302029483951628,0.9839364332052172,0.936564490477094
392,17804.22872710228,1.3013532161712646,56.453487515449524,-3.2984090549871325,0.9410467578179152,0.936564490477094
394,17891.191092014313,1.3010408878326416,63.72636950016022,-3.046821308322251,0.9730125109805369,0.936564490477094
396,17980.528316497803,1.3480451107025146,125.56916439533234,-2.565431890077889,0.9934872222600636,0.936564490477094
398,18072.27492237091,1.3145802021026611,93.49833495914936,-2.2395848408341408,0.9993731259968102,0.936564490477094
400,18164.058479309082,1.3199641704559326,108.57024070620537,-2.717685116454959,0.9918831473465982,0.936564490477094
402,18256.862972974777,1.307593822479248,129.52887597680092,-3.1911047659814358,0.9326898824891104,0.9326898824891104
404,18343.42060804367,1.3071823120117188,79.59063501656055,-2.3890734408050776,0.9247431406714766,0.9247431406714766
406,18429.57160639763,1.3093197345733643,87.92233607172966,-2.537011593580246,0.9863775869273509,0.9247431406714766
408,18520.496607542038,1.3479232788085938,103.48605367541313,-2.1971422033384442,0.9993197565874985,0.9247431406714766
410,18612.085139513016,1.3061914443969727,69.68108177185059,-2.486879591830075,0.9935551584191128,0.9247431406714766
412,18704.859667301178,1.2800147533416748,146.76600500941277,-2.404959154315293,0.9837209348875133,0.9247431406714766
414,18795.60074019432,1.3034021854400635,51.4123575091362,-2.5102742854505777,0.9621429233876299,0.9247431406714766
416,18884.912829875946,1.3163363933563232,92.88904336094856,-2.9868242628872395,0.9824377293587914,0.9247431406714766
418,18975.15025281906,1.3176908493041992,140.6887293457985,-2.5692847669124603,0.9895491111002265,0.9247431406714766
420,19067.03410077095,1.2971688508987427,96.93896779417992,-2.1985886339098215,1.0,0.9247431406714766
422,19158.800665140152,1.2740800380706787,72.31960141658783,-2.2983300290070474,0.9893641124447227,0.9247431406714766
424,19249.553244829178,1.2864763736724854,63.64061616361141,-3.062381636351347,0.9747804818912866,0.9247431406714766
426,19338.544272899628,1.3113491535186768,83.2009773850441,-2.3189208656549454,0.9717995308395404,0.9247431406714766
428,19427.625784635544,1.302870273590088,93.98969754576683,-2.725426472723484,0.9903770324709632,0.9247431406714766
430,19519.057519435883,1.3141248226165771,110.47542306780815,-2.077958693727851,0.997355891824958,0.9247431406714766
432,19611.556785821915,1.3162238597869873,78.02956584095955,-3.6063288236036897,0.9980280449284532,0.9247431406714766
434,19703.59455370903,1.3099983930587769,71.89517030119896,-2.5673880111426115,0.9749969081642971,0.9247431406714766
436,19792.24890589714,1.3352856636047363,60.059392511844635,-2.915450591593981,0.9407384081836323,0.9247431406714766
438,19878.389506816864,1.3552117347717285,58.091510370373726,-2.463248675689101,0.9326312079611936,0.9247431406714766
440,19966.709074020386,1.3418612480163574,64.19178214669228,-2.8795379837974906,0.9875702324273387,0.9247431406714766
442,20058.343088150024,1.3213696479797363,75.64860132336617,-2.0311773349530995,0.9907306127721497,0.9247431406714766
444,20151.175456285477,1.2913818359375,69.82228162884712,-2.3690279610455036,0.9866577774256005,0.9247431406714766
446,20242.26345014572,1.2983958721160889,106.00653992593288,-1.924105141311884,0.9869211062908798,0.9247431406714766
448,20335.87545156479,1.3148019313812256,59.551991656422615,-2.321168883703649,0.9829358351436249,0.9247431406714766
450,20432.789959430695,1.3044989109039307,68.59088905155659,-1.906074795871973,0.9906697057446743,0.9247431406714766
452,20530.278615236282,1.2861417531967163,69.66477271914482,-2.1163028553128242,0.9909209898583631,0.9247431406714766
454,20626.347640275955,1.28639817237854,70.27616357803345,-2.2441108520142734,0.9901264904195018,0.9247431406714766
456,20720.648774385452,1.3181793689727783,43.73278683423996,-1.7187845464795828,0.9954803721863921,0.9247431406714766
458,20814.2598900795,1.3316466808319092,78.86602932214737,-2.846814156509936,0.9911107331522974,0.9247431406714766
460,20907.073974370956,1.3232017755508423,41.58447453379631,-2.2170629845932126,0.981565203278912,0.9247431406714766
462,20998.48563694954,1.3093817234039307,58.47346602380276,-2.406925858464092,0.9470075563876387,0.9247431406714766
464,21088.257529973984,1.3354648351669312,41.98822359740734,-2.5130712296813726,0.9748181765144163,0.9247431406714766
466,21178.118469953537,1.3176113367080688,72.21091535687447,-2.417979273945093,0.945667162726841,0.9247431406714766
468,21267.465316534042,1.3175556659698486,39.938380017876625,-2.5285123493522406,0.9596635194795913,0.9247431406714766
470,21358.41861128807,1.3166003227233887,58.81316375732422,-2.5687043545767665,0.9785803585729033,0.9247431406714766
472,21453.449248313904,1.2920345067977905,64.28053735941648,-2.227697329595685,0.9788735998427085,0.9247431406714766
474,21546.363483905792,1.300927996635437,66.81241591274738,-2.8163159489631653,0.9837221544653946,0.9247431406714766
476,21640.984330654144,1.3377273082733154,46.91530054807663,-2.2787578478455544,0.9362389588585026,0.9247431406714766
478,21731.693987846375,1.3401737213134766,58.092394180595875,-1.6327123288065195,0.9499631936098881,0.9247431406714766
480,21821.803592920303,1.343099594116211,48.62807795405388,-2.140076576732099,0.9479150443499701,0.9247431406714766
482,21911.714218854904,1.3265150785446167,53.507428616285324,-2.922863405197859,0.9760716690852407,0.9247431406714766
484,22002.002922058105,1.3339271545410156,47.67989158630371,-2.779871728271246,0.9372539198274092,0.9247431406714766
486,22088.926981687546,1.3414616584777832,152.30129459500313,-1.8733388166874647,0.939607246271323,0.9247431406714766
488,22175.994354724884,1.3253917694091797,75.78977407515049,-2.8653459679335356,0.9776766775421067,0.9247431406714766
490,22266.88399720192,1.3443307876586914,47.09551474452019,-2.0391117492690682,0.989166034249432,0.9247431406714766
492,22357.95473098755,1.330629825592041,46.67798928916454,-2.5639765290543437,0.970815531343399,0.9247431406714766
494,22448.195778369904,1.3383686542510986,47.1668421626091,-2.483330945018679,0.9669113060390105,0.9247431406714766
496,22537.191061496735,1.3035168647766113,55.65830118954182,-2.90307629480958,0.9591441050374666,0.9247431406714766
498,22626.477730751038,1.3290534019470215,55.16983076930046,-2.2998710479587317,0.9684241791843795,0.9247431406714766
500,22717.248960494995,1.3280104398727417,55.918926656246185,-2.6488432800397277,0.9384233192486222,0.9247431406714766
502,22804.70558977127,1.355119228363037,66.17481423914433,-2.4044564152136445,0.9319785480858472,0.9247431406714766
504,22891.154180526733,1.333052635192871,99.63117119669914,-2.390037214383483,0.9763245426240935,0.9247431406714766
506,22981.78981900215,1.3328323364257812,68.75146424770355,-2.0366580225527287,0.9697593631198138,0.9247431406714766
508,23071.957097530365,1.2931617498397827,144.57922384142876,-2.6850103130564094,0.9358879117085083,0.9247431406714766
510,23158.287964105606,1.3377571105957031,62.591739028692245,-3.0101259415969253,0.9255164570227047,0.9247431406714766
512,23243.41694664955,1.3453011512756348,70.79042699933052,-2.904560341499746,0.9186099653484672,0.9186099653484672
514,23329.169533491135,1.3540294170379639,80.43052074313164,-2.7100495602935553,0.9766993141513376,0.9186099653484672
516,23418.950971364975,1.3428847789764404,61.531433418393135,-2.5823682695627213,0.9708426110921037,0.9186099653484672
518,23508.68594098091,1.342444896697998,81.62166050076485,-2.855798253789544,0.9305418435421255,0.9186099653484672
520,23596.503239631653,1.3524022102355957,53.89186975359917,-2.7590208798646927,0.9193372000739779,0.9186099653484672
522,23685.72764468193,1.3487648963928223,95.53506869077682,-2.5164617244154215,0.9784547960194869,0.9186099653484672
524,23778.267060518265,1.335862398147583,69.57646897435188,-2.2880373122170568,0.9860660157736578,0.9186099653484672
526,23870.057012319565,1.3142621517181396,62.630360305309296,-2.274449422955513,0.9694479722568375,0.9186099653484672
528,23960.767854213715,1.3373122215270996,52.44407306611538,-2.756439263932407,0.9354185133512939,0.9186099653484672
530,24048.833894729614,1.365972638130188,57.23723441362381,-2.5757500641047955,0.9100669637704425,0.9100669637704425
532,24138.33473110199,1.3772917985916138,46.83045345544815,-2.587403979152441,0.9249609236149863,0.9100669637704425
534,24228.62102007866,1.3593811988830566,35.15209800750017,-2.9295609947293997,0.921136949818528,0.9100669637704425
536,24317.142864704132,1.363904356956482,36.62418793141842,-2.879012865945697,0.9111443960193005,0.9100669637704425
538,24404.699652194977,1.3596272468566895,44.4450401365757,-2.3778981417417526,0.9108936942871299,0.9100669637704425
540,24495.899621486664,1.3552970886230469,58.63172274827957,-2.5765163162723184,0.9457042894293954,0.9100669637704425
542,24587.512491226196,1.3409017324447632,76.87739634513855,-2.63302153442055,0.9664228696072232,0.9100669637704425
544,24679.17265367508,1.338322401046753,47.85501179099083,-2.1529310699552298,0.9317911385312144,0.9100669637704425
546,24768.54454612732,1.3649699687957764,29.645853400230408,-1.966695281676948,0.8918116908524988,0.8918116908524988
548,24854.589712381363,1.3689122200012207,35.49643958359957,-2.562320329248905,0.9330503552007283,0.8918116908524988
550,24943.09171652794,1.3494410514831543,80.03088423609734,-2.206286602653563,0.9374976009621512,0.8918116908524988
552,25032.00791478157,1.3585319519042969,41.96975412964821,-2.7799420934170485,0.9198577743880733,0.8918116908524988
554,25119.50726366043,1.3774347305297852,33.14233420789242,-2.6802022326737642,0.9003698962420221,0.8918116908524988
556,25204.72513771057,1.3713090419769287,29.825609631836414,-2.243609808385372,0.9072583689488332,0.8918116908524988
558,25290.60949921608,1.349806547164917,39.64236427843571,-2.754686651751399,0.9408912642903843,0.8918116908524988
560,25379.573927640915,1.3572230339050293,41.411826372146606,-2.3212644001469016,0.950900408630625,0.8918116908524988
562,25470.373286485672,1.3505668640136719,44.49190105497837,-3.099297324195504,0.9337239793847053,0.8918116908524988
564,25559.05753827095,1.3672189712524414,42.02367516607046,-2.9846104234457016,0.903831640969582,0.8918116908524988
566,25644.627864599228,1.3429018259048462,70.37758229672909,-3.0196873657405376,0.9116762306109719,0.8918116908524988
568,25732.507140159607,1.3692219257354736,56.09117676317692,-1.3094566836953163,0.9556745610673845,0.8918116908524988
570,25822.571266174316,1.3532724380493164,49.047905430197716,-2.641569569706917,0.9334238129927481,0.8918116908524988
572,25912.205684423447,1.3243398666381836,126.77862453460693,-2.8380917739123106,0.9321706385346322,0.8918116908524988
574,25999.314611673355,1.343916654586792,69.17583179473877,-2.6442647697404027,0.9059757940758673,0.8918116908524988
576,26084.889523267746,1.3542468547821045,83.71512278914452,-2.670751447789371,0.9380969668230827,0.8918116908524988
578,26173.099855184555,1.3353785276412964,68.95424059033394,-2.256740268319845,0.9710737375453047,0.8918116908524988
580,26265.36411333084,1.300155520439148,101.94077524542809,-2.557940322905779,0.9553646536029037,0.8918116908524988
582,26355.84449481964,1.351625680923462,40.28434805572033,-4.357401309534907,0.9049902579335638,0.8918116908524988
584,26443.3625125885,1.3665833473205566,52.07581469416618,-2.514021310955286,0.9243777756269304,0.8918116908524988
586,26533.27687883377,1.3605225086212158,41.83496053516865,-2.9520503599196672,0.9438146790091939,0.8918116908524988
588,26623.913925409317,1.3323960304260254,38.50454539060593,-3.014181106351316,0.9447502508272337,0.8918116908524988
590,26713.223747968674,1.356695532798767,77.92330673336983,-2.4907136857509613,0.9135389771031572,0.8918116908524988
592,26802.904923915863,1.347077488899231,51.770498499274254,-2.5324574392288923,0.925490402632006,0.8918116908524988
594,26893.64033460617,1.323824167251587,96.05708262324333,-2.464405957609415,0.9949359547341108,0.8918116908524988
596,26986.609835386276,1.321615219116211,65.08968433737755,-2.3946685399860144,0.995782612235516,0.8918116908524988
598,27080.685637950897,1.286687970161438,89.04552558064461,-2.920113727450371,0.9679699776247424,0.8918116908524988
600,27172.25208735466,1.3331410884857178,39.55368846654892,-2.9649443831294775,0.9152637004902283,0.8918116908524988
602,27262.651003837585,1.358017086982727,74.95146217942238,-2.671420155093074,0.9164624915229486,0.8918116908524988
604,27352.18985748291,1.342416524887085,52.58149269223213,-2.344152135774493,0.9543268077611813,0.8918116908524988
606,27444.775641679764,1.3412188291549683,41.36060880124569,-3.5777404997497797,0.9297706520362831,0.8918116908524988
608,27534.57563471794,1.3333407640457153,129.6172089278698,-2.4181762179359794,0.9056429864246534,0.8918116908524988
610,27623.199219942093,1.3450886011123657,79.22319823503494,-2.5221529491245747,0.9494489653308481,0.8918116908524988
612,27714.94456076622,1.340146780014038,54.225699201226234,-2.1573703195899725,0.9493598293799749,0.8918116908524988
614,27806.442546606064,1.3367741107940674,46.88731499016285,-2.552230343222618,0.9531860595819721,0.8918116908524988
616,27898.837042331696,1.3452545404434204,43.373011007905006,-2.846630170941353,0.9356555519711882,0.8918116908524988
618,27988.053089380264,1.355024814605713,43.93960028886795,-2.5054562818259,0.9118213924012635,0.8918116908524988
620,28076.449261188507,1.3656742572784424,41.194509878754616,-2.664002412930131,0.962688802722299,0.8918116908524988
622,28167.44683766365,1.3366806507110596,46.58111509680748,-2.534485670737922,0.9380568852145522,0.8918116908524988
624,28256.645257472992,1.3530353307724,48.345963299274445,-3.4220614284276962,0.9077400871694242,0.8918116908524988
626,28343.131600618362,1.3627113103866577,37.14165681600571,-2.295573881827295,0.8987243743999679,0.8918116908524988
628,28429.251111745834,1.3685815334320068,44.267190396785736,-2.9250159403309226,0.9082215994242242,0.8918116908524988
630,28516.1678750515,1.3590621948242188,56.803237929940224,-2.9228507336229086,0.9332997621945254,0.8918116908524988
632,28604.68534898758,1.3534599542617798,47.0749564319849,-3.0825508907437325,0.9237591814796624,0.8918116908524988
634,28693.214980840683,1.3605844974517822,51.899545192718506,-2.722887709736824,0.9171099222746453,0.8918116908524988
636,28781.786838769913,1.3775522708892822,30.8354384675622,-2.758924113586545,0.926212260116736,0.8918116908524988
638,28872.023965358734,1.3527302742004395,42.26762602105737,-2.1206489028409123,0.9320226245156241,0.8918116908524988
640,28963.24701142311,1.3456010818481445,41.92239762842655,-2.496661549434066,0.9315141536122447,0.8918116908524988
642,29052.099076271057,1.3538429737091064,45.944264352321625,-2.0798844331875443,0.9033032722494495,0.8918116908524988
644,29140.851067066193,1.3486332893371582,42.08784572780132,-2.462461699731648,0.9504418059791451,0.8918116908524988
646,29230.695578813553,1.3249666690826416,57.89804854989052,-2.3808678505010903,0.9723012022907498,0.8918116908524988
648,29320.90066099167,1.3374412059783936,41.08784347772598,-2.2843126244843006,0.9229797730893102,0.8918116908524988
650,29408.606580018997,1.3370006084442139,48.05665169656277,-3.741835728287697,0.9066704040886421,0.8918116908524988
652,29495.608814001083,1.3748856782913208,35.40632836520672,-3.07991561293602,0.9199653829828085,0.8918116908524988
654,29582.522079229355,1.355812907218933,43.27024702727795,-2.400952103547752,0.920922713956009,0.8918116908524988
656,29670.19633579254,1.3535699844360352,44.62412353605032,-2.5188052216544747,0.9116058189996559,0.8918116908524988
658,29758.430202960968,1.3532048463821411,37.7723693549633,-2.7434511836618185,0.9190523430181463,0.8918116908524988
660,29844.736478805542,1.341731071472168,55.34025964140892,-2.935229390859604,0.942406110195387,0.8918116908524988
662,29932.31056189537,1.3318763971328735,59.78417918086052,-2.2451968006789684,0.9636392443582726,0.8918116908524988
664,30022.767754793167,1.3152296543121338,56.219364672899246,-2.792238662019372,0.9731202787554073,0.8918116908524988
666,30112.439996242523,1.321697473526001,56.77386935055256,-2.300145269371569,0.9411126291973886,0.8918116908524988
668,30200.584341049194,1.3591728210449219,28.57330534607172,-2.081424226053059,0.9206962230715958,0.8918116908524988
670,30288.66855573654,1.3835281133651733,28.885254830121994,-2.017633984796703,0.9160928397762788,0.8918116908524988
672,30378.56882405281,1.3653227090835571,32.5123074054718,-1.701316548511386,0.9147260241901282,0.8918116908524988
674,30467.628325223923,1.361314296722412,51.14894749969244,-2.375640335259959,0.9069730190838875,0.8918116908524988
676,30554.41947245598,1.3503780364990234,35.606024481356144,-2.517679426819086,0.9084606528782968,0.8918116908524988
678,30643.177991628647,1.3430413007736206,41.789610132575035,-2.5475059654563665,0.9285074798582965,0.8918116908524988
680,30733.337248325348,1.3344218730926514,40.418420162051916,-3.191013772971928,0.9157179049664403,0.8918116908524988
682,30822.601361989975,1.3587946891784668,35.58945149183273,-2.453990787966177,0.9049859947659643,0.8918116908524988
684,30910.561810016632,1.3726308345794678,39.436685144901276,-2.589836088940501,0.930785301698831,0.8918116908524988
686,31000.446463108063,1.3354246616363525,58.51588895916939,-2.469771970063448,0.9309604057754691,0.8918116908524988
688,31091.116889715195,1.3389995098114014,55.18811908364296,-2.3637223234400153,0.9366010686886072,0.8918116908524988
690,31182.10783457756,1.3467700481414795,30.836507469415665,-2.315544224344194,0.9173832246453357,0.8918116908524988
692,31271.65463089943,1.3527722358703613,35.81708446145058,-2.7822512947022915,0.9366574578734334,0.8918116908524988
694,31361.914974451065,1.3557536602020264,30.887643240392208,-2.1868925243616104,0.9140418364472749,0.8918116908524988
696,31450.72355246544,1.339430332183838,51.838660940527916,-2.6436832044273615,0.9261947490418349,0.8918116908524988
698,31540.42631673813,1.3440300226211548,47.88813395798206,-2.70106166228652,0.9009891333772974,0.8918116908524988
700,31628.355079889297,1.3595465421676636,38.634962663054466,-2.4612201089039445,0.8943278046966989,0.8918116908524988
702,31717.06369662285,1.3570624589920044,34.74678095430136,-2.472328782081604,0.9317305102963419,0.8918116908524988
704,31808.767442941666,1.3515903949737549,45.6373506039381,-3.5127764167264104,0.9252106488211873,0.8918116908524988
706,31897.256702423096,1.342736840248108,35.591008856892586,-1.9004277270287275,0.9072622890716547,0.8918116908524988
708,31985.90824818611,1.3604638576507568,44.70895645022392,-2.464452240616083,0.9284327219517527,0.8918116908524988
710,32077.32316350937,1.3467328548431396,47.34951467812061,-2.335406512953341,0.9422275319329064,0.8918116908524988
712,32167.840000391006,1.3378546237945557,46.93427965044975,-2.5323925986886024,0.9363194524556929,0.8918116908524988
714,32257.964269161224,1.3515746593475342,40.00204238295555,-2.253717912361026,0.9149602752208744,0.8918116908524988
716,32346.210297107697,1.355360746383667,37.85963539779186,-2.19067495316267,0.9238475109935539,0.8918116908524988
718,32435.714465379715,1.3572994470596313,40.55036900937557,-2.3931027268990874,0.9629085104772656,0.8918116908524988
720,32527.003298521042,1.3398007154464722,46.63898767530918,-2.1093725664541125,0.9221407169669196,0.8918116908524988
722,32617.291472911835,1.3490383625030518,31.624133594334126,-2.31736146658659,0.9253731473300427,0.8918116908524988
724,32706.319217205048,1.355989694595337,31.587984398007393,-2.389154152944684,0.9025419131333942,0.8918116908524988
726,32795.30846571922,1.351231336593628,33.375174447894096,-2.6033871518447995,0.9153038392315181,0.8918116908524988
728,32882.91500496864,1.3482258319854736,30.976196385920048,-2.4230734277516603,0.891949380518731,0.8918116908524988
730,32970.125843286514,1.3432155847549438,28.47870864905417,-2.1498703062534332,0.914665987674005,0.8918116908524988
732,33058.94041824341,1.3626410961151123,21.82282628118992,-2.4801251012831926,0.9134407257482978,0.8918116908524988
734,33148.37544250488,1.3430190086364746,38.35560265183449,-2.448591028340161,0.9235291243074691,0.8918116908524988
736,33237.6990711689,1.353757619857788,28.438511081039906,-2.5906414426863194,0.9086427147641909,0.8918116908524988
738,33325.35007953644,1.348557472229004,37.52711986005306,-2.7253663120791316,0.9185558485759311,0.8918116908524988
740,33414.591651678085,1.3358323574066162,48.04028059542179,-2.505053414963186,0.9470217013795708,0.8918116908524988
742,33505.71403980255,1.3425562381744385,51.03371511399746,-2.293699013069272,0.9384061963811439,0.8918116908524988
744,33595.36321353912,1.354841709136963,36.47982596606016,-2.3779722144827247,0.9133503126879098,0.8918116908524988
746,33684.409919023514,1.3550050258636475,30.91215268522501,-2.3198681995272636,0.9292472522977391,0.8918116908524988
748,33773.78147172928,1.3422807455062866,35.39654840528965,-2.1711738537997007,0.9061347082361736,0.8918116908524988
750,33861.20320391655,1.3341422080993652,57.77838844060898,-2.3312003747560084,0.9167655685094471,0.8918116908524988
752,33948.64162039757,1.3448090553283691,45.60665363073349,-2.670284191146493,0.931255840957864,0.8918116908524988
754,34039.00622344017,1.320173740386963,48.02506370842457,-2.7854005824774504,0.925618067056088,0.8918116908524988
756,34128.61932039261,1.3372023105621338,46.94613352417946,-2.6391799096018076,0.9127644401394699,0.8918116908524988
758,34215.60130858421,1.368131399154663,32.94415928423405,-2.56403080932796,0.9185098468919667,0.8918116908524988
760,34305.18713450432,1.3454557657241821,59.81771931052208,-2.3417053315788507,0.9673164145831764,0.8918116908524988
762,34396.33805537224,1.3333990573883057,36.9786766320467,-2.248375551775098,0.9405303901006675,0.8918116908524988
764,34486.90744638443,1.3418147563934326,41.68234506249428,-2.669446852989495,0.9181120739849925,0.8918116908524988
766,34576.93784856796,1.3539869785308838,29.306264258921146,-2.0664946660399437,0.9146213719830578,0.8918116908524988
768,34666.326956510544,1.3299682140350342,46.45504319667816,-2.2156599182635546,0.9298133258431285,0.8918116908524988
770,34756.51918911934,1.3503758907318115,32.663750275969505,-2.543492978438735,0.8950515627842955,0.8918116908524988
772,34845.105016708374,1.3457691669464111,47.49245050549507,-2.5033722668886185,0.908600564445013,0.8918116908524988
774,34931.90306687355,1.3486006259918213,41.15020637214184,-2.6996959019452333,0.9152087024407891,0.8918116908524988
776,35021.00197482109,1.3493704795837402,44.98103630542755,-2.455891258083284,0.9102964208160084,0.8918116908524988
778,35110.728971242905,1.352118730545044,35.064918518066406,-2.800322803668678,0.9177469675927877,0.8918116908524988
780,35199.53151321411,1.3657362461090088,29.40151860564947,-2.3456299751996994,0.9111421676312448,0.8918116908524988
782,35288.03102397919,1.3724234104156494,45.03474938869476,-2.677104434929788,0.9077724731991246,0.8918116908524988
784,35377.239305496216,1.341357707977295,63.478117153048515,-2.4250602647662163,0.9418389751458515,0.8918116908524988
786,35467.33461022377,1.3350046873092651,39.51936358213425,-2.4552214071154594,0.9319770860075209,0.8918116908524988
788,35556.72743630409,1.341308832168579,89.98077322542667,-2.488740653730929,0.9157486590580329,0.8918116908524988
790,35643.67061448097,1.3483351469039917,51.72729520499706,-2.4983635544776917,0.9168541769346454,0.8918116908524988
792,35731.26047992706,1.3435958623886108,33.20415376126766,-2.9098180225118995,0.921839266039755,0.8918116908524988
794,35821.22454357147,1.3373146057128906,46.41965493559837,-2.9064041189849377,0.9161040997820126,0.8918116908524988
796,35908.86098051071,1.3594666719436646,40.78185008466244,-2.6553996233269572,0.9098029015617943,0.8918116908524988
798,35996.32301926613,1.356738567352295,34.23968197405338,-2.236487688496709,0.9223964433976043,0.8918116908524988
800,36084.83271813393,1.3611233234405518,30.61361795500852,-2.89692503772676,0.9129842222595508,0.8918116908524988
802,36172.6247317791,1.3577665090560913,45.31646345555782,-2.489246806129813,0.8975652067204557,0.8918116908524988
804,36259.10793042183,1.3533704280853271,35.512577176094055,-2.4886595122516155,0.9048729436338984,0.8918116908524988
806,36348.372826337814,1.341446876525879,49.39934864640236,-2.34674409031868,0.9213493494655288,0.8918116908524988
808,36438.08960556984,1.3489748239517212,42.65360805392265,-2.4181862864643335,0.9231664574422632,0.8918116908524988
810,36526.6730761528,1.361008644104004,40.9016097933054,-2.5426623756065965,0.905953210185037,0.8918116908524988
812,36616.100669384,1.3384618759155273,65.34913332760334,-2.732217683456838,0.9190379450801004,0.8918116908524988
814,36704.75113201141,1.3507835865020752,56.44484370946884,-2.825892960652709,0.9152896448252097,0.8918116908524988
816,36793.4045753479,1.3454903364181519,53.570271745324135,-3.0096656512469053,0.9188601308231655,0.8918116908524988
818,36882.96488523483,1.355442762374878,43.9818909317255,-2.889786133542657,0.8932565380304208,0.8918116908524988
820,36968.551105976105,1.35831618309021,38.98702634125948,-2.9543399615213275,0.9338841802568968,0.8918116908524988
822,37058.13239002228,1.3493880033493042,40.34629780985415,-3.0774640953168273,0.921750619126711,0.8918116908524988
824,37148.18033003807,1.3509862422943115,43.381977796554565,-2.5328029012307525,0.9123577356628166,0.8918116908524988
826,37235.61221623421,1.365347146987915,42.276720494031906,-2.823335764929652,0.91540367351338,0.8918116908524988
828,37324.41506290436,1.3410687446594238,47.578992903232574,-2.7248567920178175,0.9308607186546392,0.8918116908524988
830,37413.66429758072,1.3507471084594727,30.14974945783615,-2.2271530758589506,0.9134270722768331,0.8918116908524988
832,37503.06508541107,1.3569307327270508,47.35531399399042,-2.3454780792817473,0.9085975804043044,0.8918116908524988
834,37590.92556619644,1.3634883165359497,35.907336071133614,-2.6701138745993376,0.906164107189513,0.8918116908524988
836,37679.765758275986,1.3347539901733398,65.01884055137634,-2.3626230470836163,0.9511840286704096,0.8918116908524988
838,37770.39097547531,1.3427772521972656,42.970055893063545,-2.8498081378638744,0.9204306594311491,0.8918116908524988
840,37859.324119091034,1.353456735610962,51.21547371149063,-2.9328871332108974,0.8977330550636021,0.8918116908524988
842,37946.52837610245,1.3735371828079224,32.96344015747309,-3.164768476039171,0.8980998450455686,0.8918116908524988
844,38034.02873277664,1.3656198978424072,56.12313376367092,-2.149846613407135,0.9193405726461994,0.8918116908524988
846,38123.542484760284,1.3527185916900635,42.65356217324734,-2.4074088223278522,0.9163318111479863,0.8918116908524988
848,38211.45963931084,1.379080057144165,27.333788864314556,-2.4179699951782823,0.9086075163446162,0.8918116908524988
850,38297.388204574585,1.3548648357391357,44.297122821211815,-2.9412681609392166,0.9195377475990573,0.8918116908524988
852,38386.55632042885,1.3508507013320923,38.33173394203186,-2.3948505874723196,0.9399610582624177,0.8918116908524988
854,38476.38456773758,1.3576641082763672,41.97141791880131,-2.784069382585585,0.9002340484877205,0.8918116908524988
856,38564.16536259651,1.3602185249328613,36.84874416142702,-2.522655563428998,0.8964709449864983,0.8918116908524988
858,38652.25854802132,1.3613908290863037,45.56614989042282,-2.819163355976343,0.9156010059787782,0.8918116908524988
860,38741.668432474136,1.344637155532837,43.04738073050976,-2.4420165214687586,0.9394864045026777,0.8918116908524988
862,38830.472465991974,1.336648941040039,73.12074533104897,-2.8003199687227607,0.9084801926359447,0.8918116908524988
864,38918.49075603485,1.3447617292404175,55.19183491170406,-2.5223224461078644,0.9219837132228365,0.8918116908524988
866,39005.668167591095,1.3458566665649414,59.33281467854977,-2.469418503344059,0.9388982144391175,0.8918116908524988
868,39095.29438138008,1.323304533958435,57.67073215544224,-2.488572046160698,0.939163175822767,0.8918116908524988
870,39185.634581804276,1.3298611640930176,63.79570850729942,-3.2195578683167696,0.9091574977045928,0.8918116908524988
872,39272.987817287445,1.3576006889343262,39.1276516020298,-3.313319804146886,0.9026368274489518,0.8918116908524988
874,39361.349781513214,1.2946956157684326,94.893349558115,-2.9243065575137734,0.9325307314527324,0.8918116908524988
876,39451.70609211922,1.3319480419158936,60.277119651436806,-3.593027239665389,0.9101268028339313,0.8918116908524988
878,39538.28357744217,1.3347446918487549,70.01435433328152,-3.091448782943189,0.8974870978965298,0.8918116908524988
880,39624.87125015259,1.3468196392059326,38.31737243384123,-2.6191922542639077,0.9204571615808192,0.8918116908524988
882,39713.31476330757,1.3462269306182861,37.44654581695795,-2.476573451422155,0.9129073298736226,0.8918116908524988
884,39802.108979940414,1.3525116443634033,29.630564138293266,-2.5428794901818037,0.9153787455907998,0.8918116908524988
886,39890.80542969704,1.3656527996063232,32.23702099174261,-2.936672299169004,0.9256640802989184,0.8918116908524988
888,39980.29486441612,1.357480764389038,46.307390958070755,-2.573747368529439,0.924888392338179,0.8918116908524988
890,40069.68674659729,1.342653751373291,53.56999544799328,-2.847154701128602,0.9097743000877305,0.8918116908524988
892,40158.51256942749,1.3350945711135864,48.04550355672836,-2.533199116587639,0.9180107969755104,0.8918116908524988
894,40245.91432905197,1.362321138381958,37.81678102910519,-2.9704978419467807,0.9155311808272156,0.8918116908524988
896,40334.28859305382,1.3541221618652344,47.04302470386028,-2.1796624679118395,0.9300715355036089,0.8918116908524988
898,40424.93300819397,1.343186616897583,45.03441006690264,-2.6740068178623915,0.9157578730349722,0.8918116908524988
900,40513.37502574921,1.337071418762207,72.53775173425674,-2.44523461535573,0.8977268555762553,0.8918116908524988
902,40601.138756513596,1.3536818027496338,50.95082464814186,-2.330141931772232,0.910149009228498,0.8918116908524988
904,40690.08824276924,1.3401583433151245,35.05232425779104,-2.6606039740145206,0.903623637144548,0.8918116908524988
906,40777.979028463364,1.3455877304077148,45.07465487718582,-2.6553492080420256,0.9093277661947068,0.8918116908524988
908,40864.57057285309,1.3343710899353027,64.8782602250576,-2.399769812822342,0.9073924533414023,0.8918116908524988
910,40952.112941503525,1.3452905416488647,55.665957763791084,-2.061588544398546,0.921643086256581,0.8918116908524988
912,41040.5855820179,1.3201769590377808,71.71331483125687,-2.783187350258231,0.9313918518113148,0.8918116908524988
914,41130.187997341156,1.3539551496505737,40.32110524177551,-2.673509200103581,0.9101294466125079,0.8918116908524988
916,41218.91698360443,1.3615468740463257,51.926850117743015,-2.3063613809645176,0.9356631231031026,0.8918116908524988
918,41307.73844885826,1.319591760635376,81.25300765037537,-2.5708908271044493,0.9323647247560568,0.8918116908524988
920,41395.80258321762,1.3247171640396118,62.72158873081207,-2.8601059168577194,0.9195835981436146,0.8918116908524988
922,41483.752140522,1.3385412693023682,50.03982247412205,-3.029592076316476,0.9080742687416438,0.8918116908524988
924,41573.710351228714,1.3483731746673584,47.605675250291824,-2.7881924249231815,0.9290500619976899,0.8918116908524988
926,41662.78412103653,1.3153436183929443,66.24023726955056,-2.958531559444964,0.9173318101975411,0.8918116908524988
928,41751.8676636219,1.3388692140579224,73.8413858115673,-2.606718017719686,0.9158165962324429,0.8918116908524988
930,41838.43003678322,1.3404018878936768,77.3501513004303,-2.317092659883201,0.9231418283594551,0.8918116908524988
932,41927.048377513885,1.3179512023925781,84.58411708474159,-2.638651564717293,0.9278111543175039,0.8918116908524988
934,42016.949068546295,1.3443608283996582,53.98211735486984,-3.187822449952364,0.9140223677394007,0.8918116908524988
936,42104.847862005234,1.352787971496582,41.66137437522411,-2.5419638827443123,0.9099272882852079,0.8918116908524988
938,42193.26824712753,1.333939552307129,48.642689406871796,-2.4802590953186154,0.9172782803862974,0.8918116908524988
940,42283.27587938309,1.3154038190841675,62.062901467084885,-2.9315974824130535,0.9043882040074749,0.8918116908524988
942,42371.114869594574,1.3327240943908691,60.01641356945038,-2.585938213393092,0.9172410370228858,0.8918116908524988
944,42459.09623622894,1.3174740076065063,57.694313764572144,-2.888774142600596,0.9160903429265075,0.8918116908524988
946,42546.661804676056,1.3354518413543701,71.88358718156815,-3.037674330174923,0.9566182773468273,0.8918116908524988
948,42637.720697402954,1.2989602088928223,123.65328440070152,-3.577068825252354,0.9072289920481658,0.8918116908524988
950,42727.57401919365,1.3492083549499512,64.86012703180313,-2.3137510465458035,0.9142847438373406,0.8918116908524988
952,42815.977773189545,1.3468708992004395,48.2028798609972,-2.37434484064579,0.914188417625168,0.8918116908524988
954,42904.82021689415,1.3522932529449463,38.222101390361786,-2.5351082840934396,0.9096092394055039,0.8918116908524988
956,42991.97669219971,1.3512616157531738,45.21918623149395,-2.659106402657926,0.9035365878109808,0.8918116908524988
958,43078.67405986786,1.3428902626037598,45.10769747197628,-2.4456521943211555,0.8991777428284732,0.8918116908524988
960,43166.085857868195,1.3434844017028809,55.8289305716753,-2.495353358797729,0.9204758854595757,0.8918116908524988
962,43256.179392814636,1.3463201522827148,62.42610651254654,-3.0806377809494734,0.8974976923138976,0.8918116908524988
964,43344.232382535934,1.3305225372314453,67.73396097123623,-2.3584250528365374,0.8952577225909686,0.8918116908524988
966,43432.00512480736,1.3386391401290894,97.16412979364395,-2.7975097242742777,0.9143860703580845,0.8918116908524988
968,43521.634848833084,1.3353710174560547,67.524328738451,-2.6215489632450044,0.9138824489914068,0.8918116908524988
970,43610.06733441353,1.3413710594177246,69.398971170187,-2.5799119183793664,0.9019743890548665,0.8918116908524988
972,43696.934155225754,1.2934621572494507,56.30182045698166,-3.1367343151941895,0.9292586265953707,0.8918116908524988
974,43784.8763256073,1.3430589437484741,49.913922384381294,-1.9216194674372673,0.9345203155171296,0.8918116908524988
976,43874.11161208153,1.3238394260406494,66.68602658808231,-2.8300248738378286,0.903669438934432,0.8918116908524988
978,43960.71789050102,1.347548246383667,38.436033487319946,-2.7251511309295893,0.9260792195379832,0.8918116908524988
980,44049.438965797424,1.3382949829101562,54.42570722103119,-2.583628007210791,0.9058205508270367,0.8918116908524988
982,44138.83992099762,1.345445156097412,53.81934078037739,-3.304360769689083,0.9135434898447771,0.8918116908524988
984,44227.282490730286,1.3418818712234497,73.25834399461746,-2.7219963651150465,0.9032980820084084,0.8918116908524988
986,44314.04506635666,1.321506381034851,85.28009587526321,-2.7072936184704304,0.9204551117881955,0.8918116908524988
988,44402.76778769493,1.3376600742340088,66.07046975195408,-2.480004882439971,0.919456769912127,0.8918116908524988
990,44492.1968691349,1.308099389076233,76.9829353094101,-3.33269483409822,0.9054205315470836,0.8918116908524988
992,44579.59532618523,1.3125675916671753,84.4456852376461,-2.6997527591884136,0.9267361317937111,0.8918116908524988
994,44667.86380815506,1.3375910520553589,51.602829679846764,-2.491589967161417,0.9504234686009122,0.8918116908524988
996,44758.54324889183,1.3259868621826172,67.10484954714775,-2.3815033100545406,0.9149712713913193,0.8918116908524988
998,44847.55963850021,1.354755163192749,51.002148389816284,-2.778906526044011,0.9125494193213514,0.8918116908524988
1000,44934.38814783096,1.3145405054092407,71.1033656001091,-2.929539766162634,0.9298101887837171,0.8918116908524988
1002,45023.10975265503,1.351181149482727,57.78258526325226,-2.2710980717092752,0.9371390048441419,0.8918116908524988
1004,45112.993557453156,1.3298521041870117,70.1692023575306,-2.7007998507469893,0.9094402890321889,0.8918116908524988
1006,45199.305799245834,1.3249385356903076,64.02028833329678,-2.81553908996284,0.8956287599583829,0.8918116908524988
1008,45286.7485563755,1.3439364433288574,73.64937652647495,-2.2754016192629933,0.9268546888193475,0.8918116908524988
1010,45375.38513970375,1.332505226135254,66.90522322058678,-2.892981267068535,0.9136129491064536,0.8918116908524988
1012,45464.52277970314,1.336266279220581,75.58954240381718,-2.6690697707235813,0.8969411094492151,0.8918116908524988
1014,45551.820514678955,1.3388020992279053,59.965055733919144,-2.9299484491348267,0.9277241411730736,0.8918116908524988
1016,45641.213042259216,1.3029861450195312,145.53596332669258,-2.5109743736684322,0.9466693136703378,0.8918116908524988
1018,45731.98845362663,1.3193339109420776,108.55524829030037,-2.991387566551566,0.9361765183547629,0.8918116908524988
1020,45821.36503529549,1.3354272842407227,66.1088961660862,-2.7100494652986526,0.9178810105553072,0.8918116908524988
1022,45908.38632392883,1.3506505489349365,52.56862427294254,-2.6767004039138556,0.9270496428073678,0.8918116908524988
1024,45997.51867771149,1.3000774383544922,100.57828372716904,-3.4387823762372136,0.9174437200999048,0.8918116908524988
1026,46086.620661497116,1.3415076732635498,70.9245437681675,-2.501070214435458,0.9138527668882112,0.8918116908524988
1028,46172.3690404892,1.3321459293365479,56.14553236961365,-2.6724199233576655,0.9077268049074975,0.8918116908524988
1030,46259.48599100113,1.3555291891098022,69.76897042989731,-2.505165923386812,0.9391413145590961,0.8918116908524988
1032,46349.59690976143,1.345108985900879,49.52315053343773,-2.9625338036566973,0.9139075669713027,0.8918116908524988
1034,46437.206590890884,1.3298888206481934,71.9770687520504,-2.885097498074174,0.8922621290428852,0.8918116908524988
1036,46523.80630016327,1.2944053411483765,116.54794919490814,-1.5977431368082762,0.9110692758345645,0.8918116908524988
1038,46612.98342251778,1.3141502141952515,55.70428456366062,-2.790851299650967,0.9274914077516948,0.8918116908524988
1040,46701.83477759361,1.3180978298187256,88.46282935142517,-2.4523515179753304,0.9219793927168118,0.8918116908524988
1042,46789.209706544876,1.3437961339950562,46.76538194715977,-2.1278500221669674,0.9075378381514302,0.8918116908524988
1044,46875.77934002876,1.349332571029663,46.21347101032734,-2.5335241900756955,0.9250102112559248,0.8918116908524988
1046,46964.887467861176,1.3338978290557861,50.670620292425156,-3.50325152464211,0.9159911000061206,0.8918116908524988
1048,47052.40274691582,1.3362524509429932,82.15642437338829,-2.803231520578265,0.8874119261082964,0.8874119261082964
1050,47139.68954873085,1.3282318115234375,60.44491559267044,-2.2097332123667,0.8908687915565702,0.8874119261082964
1052,47226.32535648346,1.3329830169677734,66.0116435289383,-2.190876640379429,0.9160327045068665,0.8874119261082964
1054,47314.93020653725,1.3569883108139038,54.25418299250305,-3.141622807830572,0.9016259535042837,0.8874119261082964
1056,47403.27046537399,1.3416814804077148,59.677902549505234,-2.3831622879952192,0.9090315010431349,0.8874119261082964
1058,47490.30525159836,1.3347015380859375,112.56695300340652,-2.5814529582858086,0.9084492814316945,0.8874119261082964
1060,47578.72014951706,1.3369938135147095,49.893568590283394,-3.396857177838683,0.9373708945509075,0.8874119261082964
1062,47666.70489573479,1.295395851135254,116.78856906294823,-2.6396223921328783,0.9014522501707184,0.8874119261082964
1064,47752.60110569,1.2922006845474243,120.65572541952133,-2.5306253787130117,0.9017940045562044,0.8874119261082964
1066,47839.257529973984,1.3485668897628784,62.95915660262108,-2.351234555244446,0.9022919400604457,0.8874119261082964
1068,47928.4498398304,1.3485684394836426,51.4382288902998,-3.350157640874386,0.904942666758001,0.8874119261082964
1070,48016.333184719086,1.312562346458435,98.10527831315994,-2.7797255283221602,0.8992854261687913,0.8874119261082964
1072,48103.13158535957,1.3210971355438232,58.65505611896515,-2.6864075092598796,0.9287415647816959,0.8874119261082964
1074,48191.86920881271,1.3397769927978516,78.11783461272717,-2.822973510250449,0.9260079328670819,0.8874119261082964
1076,48280.73090219498,1.3366427421569824,111.27102735638618,-2.297396861948073,0.9066352049294203,0.8874119261082964
1078,48367.502529382706,1.3004426956176758,83.48029202222824,-2.5461473148316145,0.9041783072619475,0.8874119261082964
1080,48454.81635403633,1.3158152103424072,72.8257746398449,-2.6196572510525584,0.904650985430906,0.8874119261082964
1082,48542.783808231354,1.3367069959640503,51.67592112720013,-2.4056469835340977,0.8997522318975786,0.8874119261082964
1084,48630.148114681244,1.3206108808517456,68.53280833363533,-2.427989127114415,0.8850907022345363,0.8850907022345363
1086,48717.067108392715,1.3114168643951416,113.13537263870239,-3.417279751971364,0.9047061348588403,0.8850907022345363
1088,48804.196754693985,1.330426812171936,73.10090121626854,-2.4095565490424633,0.911368828358391,0.8850907022345363
1090,48892.56178689003,1.3400521278381348,51.484457194805145,-3.449081590399146,0.9060861376648306,0.8850907022345363
1092,48979.99811458588,1.306260585784912,90.80170790851116,-2.5358409034088254,0.8989849625888605,0.8850907022345363
1094,49066.27645087242,1.330136775970459,77.05689232051373,-2.556183281354606,0.9325872817351107,0.8850907022345363
1096,49154.19492149353,1.341666579246521,70.45490163564682,-2.266642890870571,0.9263422643828969,0.8850907022345363
1098,49242.9513156414,1.3114962577819824,127.22838616371155,-2.9061473812907934,0.9068536726814864,0.8850907022345363
1100,49329.91356611252,1.2886719703674316,81.69620496034622,-2.971911392174661,0.9337771605821262,0.8850907022345363
1102,49416.43980073929,1.329219102859497,96.41182947158813,-2.70499568246305,0.9171119785519067,0.8850907022345363
1104,49505.25205039978,1.3422467708587646,87.17847269773483,-2.8419986087828875,0.900990483912272,0.8850907022345363
1106,49593.13938689232,1.333240270614624,95.86048331856728,-2.660940932109952,0.8892610287148487,0.8850907022345363
1108,49679.74415588379,1.3032106161117554,132.20324364304543,-2.888534413650632,0.9118554377974767,0.8850907022345363
1110,49766.354049921036,1.3259413242340088,112.88467514514923,-2.9643204463645816,0.9484689245268543,0.8850907022345363
1112,49857.17020845413,1.322405457496643,90.94038420915604,-3.186130148358643,0.9231267593936673,0.8850907022345363
1114,49944.58519291878,1.3146686553955078,110.30830845236778,-2.921104572713375,0.9082684490691451,0.8850907022345363
1116,50030.71852135658,1.2873735427856445,78.68849977850914,-2.7984072994440794,0.9159195783708091,0.8850907022345363
1118,50117.84339809418,1.2862918376922607,115.67466932535172,-2.3779323641210794,0.9180993989158388,0.8850907022345363
1120,50206.23898053169,1.3422067165374756,92.67065495252609,-2.7421121057122946,0.9209676387053443,0.8850907022345363
1122,50292.93569970131,1.3104661703109741,76.14527414739132,-2.9268128806725144,0.8992860401139834,0.8850907022345363
1124,50379.91867184639,1.3109686374664307,110.8934134542942,-2.5690450463443995,0.9250794247828167,0.8850907022345363
1126,50468.4103679657,1.3484501838684082,89.7866213619709,-2.327087789773941,0.9214551712963027,0.8850907022345363
1128,50558.63844871521,1.2763681411743164,191.0110067129135,-3.202230054885149,0.9196845416382253,0.8850907022345363
1130,50645.820063352585,1.3001060485839844,88.41760244965553,-2.639098860323429,0.8943452535140357,0.8850907022345363
1132,50731.82586455345,1.2887065410614014,126.88258501887321,-2.5560141783207655,0.9009496305881314,0.8850907022345363
1134,50819.37737751007,1.3457376956939697,72.87214881181717,-2.434206271544099,0.9200455845297512,0.8850907022345363
1136,50907.99795627594,1.2770979404449463,171.64211612939835,-2.7863031923770905,0.9016136960685973,0.8850907022345363
1138,50994.79164981842,1.3044933080673218,71.08903440833092,-2.5457954425364733,0.9070956987283845,0.8850907022345363
1140,51081.11421394348,1.291240930557251,102.22789922356606,-2.3938265880569816,0.9075988377389809,0.8850907022345363
1142,51169.98230099678,1.348764419555664,85.56492611765862,-2.6107973037287593,0.9249288369418259,0.8850907022345363
1144,51259.193999528885,1.342504620552063,74.43908861279488,-3.2332535665482283,0.9150743009596984,0.8850907022345363
1146,51347.549305677414,1.3233671188354492,96.43863463401794,-2.7933614244684577,0.9151621125317881,0.8850907022345363
1148,51434.756390333176,1.3105645179748535,44.412372164428234,-2.7624516990035772,0.9073680829189616,0.8850907022345363
1150,51522.29343032837,1.3294610977172852,82.28534537553787,-3.044080836698413,0.9320151628264648,0.8850907022345363
1152,51611.63656115532,1.3537460565567017,80.10721042752266,-4.557101293466985,0.9019477054744621,0.8850907022345363
1154,51699.182017326355,1.2945008277893066,152.77162685990334,-2.651148471981287,0.8981576141463977,0.8850907022345363
1156,51784.39341497421,1.3074166774749756,91.80695880949497,-2.6528465850278735,0.8958312996492305,0.8850907022345363
1158,51872.143154621124,1.353058099746704,58.98806041479111,-2.9112314581871033,0.9118181291710213,0.8850907022345363
1160,51961.16908240318,1.3376190662384033,100.17962923645973,-3.3054011091589928,0.8969823612778737,0.8850907022345363
1162,52047.92049360275,1.3286656141281128,65.80316917598248,-2.70491592772305,0.8995047951780007,0.8850907022345363
1164,52134.30389165878,1.3155219554901123,88.17894181609154,-2.5153762195259333,0.9054828771283294,0.8850907022345363
1166,52223.39207673073,1.3605679273605347,58.68861345946789,-2.9366990458220243,0.9063466041884711,0.8850907022345363
1168,52312.46528959274,1.3248724937438965,76.23562100529671,-2.6802305784076452,0.9049192167557611,0.8850907022345363
1170,52400.27320098877,1.3016037940979004,73.12653383612633,-2.7546390667557716,0.8971402448420572,0.8850907022345363
1172,52486.97916150093,1.3084025382995605,71.25546534359455,-2.7538774963468313,0.9025916826699446,0.8850907022345363
1174,52573.51915740967,1.3451220989227295,96.7796390503645,-2.228996481746435,0.9067657739894636,0.8850907022345363
1176,52662.03005743027,1.317476749420166,78.57835175096989,-2.701589772477746,0.894571279847468,0.8850907022345363
1178,52748.30126571655,1.3066960573196411,75.93164178729057,-2.793665997684002,0.89763964167945,0.8850907022345363
1180,52834.236394405365,1.297771692276001,82.82779237627983,-2.4359883181750774,0.9184638724662059,0.8850907022345363
1182,52922.00240898132,1.3504853248596191,67.28052313625813,-2.1492283679544926,0.9323384670386241,0.8850907022345363
1184,53011.377876996994,1.3045166730880737,109.33792865276337,-2.2012459468096495,0.9219153898047183,0.8850907022345363
1186,53099.11730122566,1.3046717643737793,84.5794467329979,-2.658423548564315,0.9041208953787208,0.8850907022345363
1188,53185.54762530327,1.3044925928115845,86.77168118953705,-2.545522663742304,0.9037848813369708,0.8850907022345363
1190,53274.17404007912,1.3479067087173462,60.905026122927666,-2.8738489784300327,0.9160933273345406,0.8850907022345363
1192,53362.87697029114,1.3076789379119873,83.37619519233704,-2.579182241111994,0.9114487815909549,0.8850907022345363
1194,53449.43920779228,1.3239703178405762,75.73188361525536,-2.438710393384099,0.9135076951913634,0.8850907022345363
1196,53536.92783689499,1.3192344903945923,53.18109831213951,-2.4057657523080707,0.9419108319266933,0.8850907022345363
1198,53625.46173620224,1.3366949558258057,54.23028954863548,-2.6425304654985666,0.9189947897917645,0.8850907022345363
1200,53714.44498038292,1.3369450569152832,82.09728327393532,-3.218997212126851,0.9022326721615408,0.8850907022345363
1202,53802.109589099884,1.3148140907287598,62.840384125709534,-2.983827461488545,0.9022169633328854,0.8850907022345363
1204,53888.72296714783,1.2836430072784424,123.17340099811554,-3.4142694156616926,0.9058989696219112,0.8850907022345363
1206,53975.802971601486,1.3459763526916504,92.67539122700691,-2.0491997012868524,0.9430557852835302,0.8850907022345363
1208,54065.38067483902,1.3456108570098877,80.2343071103096,-2.8963486198335886,0.9077345785651761,0.8850907022345363
1210,54153.797551870346,1.3357195854187012,101.02232678234577,-1.64751570019871,0.90135901639398,0.8850907022345363
1212,54240.58710479736,1.3114516735076904,46.739177882671356,-2.6103384289890528,0.9117638400644296,0.8850907022345363
1214,54327.87427330017,1.3135939836502075,69.01538223028183,-2.7604354079812765,0.924445380763879,0.8850907022345363
1216,54416.4660551548,1.313119888305664,87.57361195981503,-2.8239180725067854,0.9128060216729214,0.8850907022345363
1218,54503.73939585686,1.3116958141326904,87.09963330626488,-2.659775158390403,0.913688457863274,0.8850907022345363
1220,54590.28744006157,1.2972478866577148,63.23295094072819,-2.6085208244621754,0.9093956314267835,0.8850907022345363
1222,54676.505430459976,1.3188304901123047,95.64941754937172,-2.1061709951609373,0.9024009614855037,0.8850907022345363
1224,54765.18530654907,1.320382833480835,76.27468717098236,-2.468606701120734,0.9063613519066667,0.8850907022345363
1226,54854.07004261017,1.335845947265625,82.86831104755402,-2.008327353745699,0.9055921308072848,0.8850907022345363
1228,54939.97475218773,1.3207217454910278,64.61902393400669,-2.171974513679743,0.8901921056598433,0.8850907022345363
1230,55025.72539591789,1.3222572803497314,69.49198645353317,-2.2162539064884186,0.9136252657941961,0.8850907022345363
1232,55114.666536569595,1.3479645252227783,80.4110611975193,-1.6965622156858444,0.9259874160932667,0.8850907022345363
1234,55202.350688934326,1.3282248973846436,83.65029716491699,-2.557913027703762,0.8911437866232877,0.8850907022345363
1236,55289.201211452484,1.3283958435058594,39.6697481572628,-2.715786984190345,0.8818516056586466,0.8818516056586466
1238,55376.12603163719,1.3367664813995361,59.54361338913441,-2.5535166934132576,0.9003504161010796,0.8818516056586466
1240,55464.41251325607,1.3414740562438965,54.64813435077667,-2.7732551768422127,0.9050448862172804,0.8818516056586466
1242,55552.169442892075,1.3293437957763672,79.06072670221329,-2.8171152900904417,0.9110979549670004,0.8818516056586466
1244,55638.648448228836,1.316300392150879,50.17002449929714,-2.2294714162126184,0.8889566289283173,0.8818516056586466
1246,55724.46581721306,1.3208979368209839,82.51006522774696,-2.9418218033388257,0.9302748638716359,0.8818516056586466
1248,55813.70768380165,1.340681791305542,71.15759079158306,-2.5893088802695274,0.9231580376326626,0.8818516056586466
1250,55902.359803676605,1.3326619863510132,72.57847219705582,-2.640305357053876,0.8999151020309347,0.8818516056586466
1252,55988.43713450432,1.3100409507751465,64.90804360806942,-2.4973881896585226,0.9014791142714921,0.8818516056586466
1254,56074.787586927414,1.2907593250274658,134.7352869808674,-2.0495486855506897,0.8988121807849065,0.8818516056586466
1256,56162.806919813156,1.3194695711135864,98.33736085891724,-2.7868059463799,0.9062474523552946,0.8818516056586466
1258,56251.156890153885,1.3124215602874756,129.28196588158607,-1.9626484718173742,0.8896226981214097,0.8818516056586466
1260,56337.875727415085,1.3157575130462646,46.15708679705858,-2.3968836292624474,0.8786929862337208,0.8786929862337208
1262,56425.05594539642,1.3305532932281494,47.494952350854874,-2.0641634315252304,0.9067301063040247,0.8786929862337208
1264,56512.75803947449,1.3509819507598877,43.18433599174023,-2.2108692028559744,0.9135435403435224,0.8786929862337208
1266,56601.467099666595,1.3307104110717773,57.61415170133114,-2.6139319855719805,0.9009428774172038,0.8786929862337208
1268,56688.27194786072,1.3227977752685547,38.638192392885685,-1.950356231071055,0.8877560333338488,0.8786929862337208
1270,56775.057676792145,1.3324391841888428,92.06824341416359,-2.4659168887883425,0.8883659987819564,0.8786929862337208
1272,56862.586290597916,1.3538151979446411,51.877401277422905,-2.5918794414028525,0.9059462404966685,0.8786929862337208
1274,56951.98912644386,1.346147894859314,45.31613449752331,-2.549080876633525,0.8861111695353837,0.8786929862337208
1276,57038.63609647751,1.34550142288208,43.47513423860073,-2.109571048989892,0.8927822444693388,0.8786929862337208
1278,57124.598205566406,1.270769476890564,196.9871575832367,-2.2923879814334214,0.9104440474481578,0.8786929862337208
1280,57212.66035962105,1.331099510192871,109.15108940005302,-2.5263555329293013,0.9173244771020186,0.8786929862337208
1282,57301.448246240616,1.3236794471740723,100.44942280650139,-2.588276439346373,0.9046006319897293,0.8786929862337208
1284,57388.71326780319,1.3260164260864258,60.06017625331879,-2.3758482383564115,0.8877109279963465,0.8786929862337208
1286,57475.181064128876,1.3259696960449219,38.96237464249134,-2.4734760653227568,0.8924917583628317,0.8786929862337208
1288,57562.29767155647,1.3588511943817139,54.08776919543743,-2.1196163576096296,0.9167036951492532,0.8786929862337208
1290,57650.4003071785,1.3387908935546875,52.42430652678013,-3.0234647234901786,0.8920659723695855,0.8786929862337208
1292,57738.08421707153,1.328497052192688,62.278705686330795,-2.898090558126569,0.8991578016377293,0.8786929862337208
1294,57824.80651593208,1.3311620950698853,35.70912083983421,-2.623862807638943,0.9074888056426261,0.8786929862337208
1296,57911.89666056633,1.305349588394165,92.35373982787132,-2.809427351690829,0.8997893013983606,0.8786929862337208
1298,58000.157279253006,1.355881690979004,45.23426294326782,-2.855078083463013,0.8820294298744777,0.8786929862337208
1300,58087.74701166153,1.332058072090149,53.35298749804497,-2.666527407243848,0.8806912375014194,0.8786929862337208
1302,58174.69286561012,1.3520772457122803,50.329690620303154,-1.9906796105206013,0.9000478964535816,0.8786929862337208
1304,58263.03467655182,1.3539071083068848,35.50513319671154,-2.452393426094204,0.8912021234266322,0.8786929862337208
1306,58351.57403588295,1.3309721946716309,80.3457515090704,-2.238607509061694,0.8918991715922242,0.8786929862337208
1308,58437.750920534134,1.3329859972000122,34.68125432729721,-2.2813677601516247,0.8942153714983031,0.8786929862337208
1310,58524.59083223343,1.3167486190795898,75.39959327876568,-2.144622857682407,0.9070524851870639,0.8786929862337208
1312,58613.47690033913,1.354942798614502,50.73674600571394,-2.7266609463840723,0.8937871101756069,0.8786929862337208
1314,58701.547486782074,1.337603211402893,48.219986975193024,-2.3098839009180665,0.8930581071157069,0.8786929862337208
1316,58788.10484433174,1.3402276039123535,38.978107661008835,-2.6422493420541286,0.9114484333792507,0.8786929862337208
1318,58876.24121928215,1.3078162670135498,94.43392771482468,-2.3270050026476383,0.9047422239587652,0.8786929862337208
1320,58964.78216600418,1.3243558406829834,77.0670953989029,-2.8463859651237726,0.9006142960863617,0.8786929862337208
1322,59052.845361709595,1.3194608688354492,58.65362003445625,-2.569683376699686,0.8974101523208785,0.8786929862337208
1324,59140.17945957184,1.3330708742141724,42.98287443816662,-2.3676096703857183,0.9006679726666111,0.8786929862337208
1326,59228.524180173874,1.3526564836502075,50.947737500071526,-2.2365387184545398,0.9026595215663701,0.8786929862337208
1328,59316.56718111038,1.3298420906066895,72.34698371589184,-2.4992504820693284,0.8962466471331568,0.8786929862337208
1330,59403.18190097809,1.3099966049194336,53.34863942861557,-2.166512687690556,0.9028449511142326,0.8786929862337208
1332,59489.58136892319,1.2908861637115479,124.86165824532509,-2.7006995398551226,0.9112949527277349,0.8786929862337208
1334,59576.83627676964,1.3423807621002197,42.116194896399975,-2.516466489061713,0.915403004863765,0.8786929862337208
1336,59665.22585964203,1.3500370979309082,50.95471149682999,-2.7968819914385676,0.8947748726688094,0.8786929862337208
1338,59752.685060977936,1.2998453378677368,148.6655457019806,-2.2488284278661013,0.9000067732593007,0.8786929862337208
1340,59839.51603221893,1.3107032775878906,76.6914224922657,-2.4663006644695997,0.9119076766190974,0.8786929862337208
1342,59928.32849788666,1.3412920236587524,79.37327480316162,-1.9542779037728906,0.9057664745113753,0.8786929862337208
1344,60016.57907772064,1.3298275470733643,66.90646167099476,-2.35120820812881,0.8893219728892768,0.8786929862337208
1346,60105.21742486954,1.331383466720581,55.93325512111187,-2.113202908076346,0.8836941456224101,0.8786929862337208
1348,60190.95480275154,1.291090488433838,114.9889716738835,-3.013881014660001,0.9058641542225414,0.8786929862337208
1350,60277.63094878197,1.293013095855713,91.721877977252,-2.7205670811235905,0.9100483992696536,0.8786929862337208
1352,60365.31111073494,1.3330504894256592,63.658431962132454,-3.114103950560093,0.9117059580749578,0.8786929862337208
1354,60452.41093444824,1.3082036972045898,57.40545116364956,-2.7311457712203264,0.8967829516137428,0.8786929862337208
1356,60539.20033597946,1.3276011943817139,48.85608337819576,-0.8514593057334423,0.92109960473734,0.8786929862337208
1358,60627.061331510544,1.3481347560882568,67.68256767094135,-2.165727377869189,0.9139747735497876,0.8786929862337208
1360,60717.57081270218,1.3262430429458618,63.02700164914131,-2.684772248379886,0.89081243859537,0.8786929862337208
1362,60803.776607751846,1.3356208801269531,56.42789176106453,-2.367112496867776,0.8782542507026877,0.8782542507026877
1364,60889.22345352173,1.3577587604522705,34.74635123461485,-2.5956402271986008,0.9079924282391825,0.8782542507026877
1366,60976.55030322075,1.3089606761932373,76.60017785429955,-2.4749811347573996,0.8871213629510252,0.8782542507026877
1368,61062.37570762634,1.3182473182678223,42.98401044309139,-2.2088036127388477,0.888865227768869,0.8782542507026877
1370,61147.33822345734,1.307491421699524,74.01553530991077,-2.5541544016450644,0.8935101566054784,0.8782542507026877
1372,61233.67930030823,1.3404473066329956,69.9015894383192,-2.1994884284213185,0.8929210461380452,0.8782542507026877
1374,61321.86473441124,1.3096110820770264,75.7624297440052,-2.4019731916487217,0.8895128231291788,0.8782542507026877
1376,61408.20078873634,1.3304617404937744,58.50448593497276,-2.5398090416565537,0.9083004000600761,0.8782542507026877
1378,61494.59424638748,1.3031096458435059,99.43167194724083,-2.923193933442235,0.8947393533853274,0.8782542507026877
1380,61578.599234342575,1.3420358896255493,69.01384264230728,-2.543575020506978,0.9082190787682844,0.8782542507026877
1382,61665.21308517456,1.3439985513687134,64.7864056378603,-2.673140587285161,0.88393458884695,0.8782542507026877
